farm,season,biomass,plot,trt,paddock,pregraze_g,pregraze_mg_ha,pregraze_tons_acre,postgraze_g,postgraze_mg_ha,postgraze_tons_acre,fifference_mg_ha,perc_grazed,CP,ADF,NDF,RFV
Anderson,Fall 2019,Forage,101,Enclosed,1,75,1.293103448,0.576724138,52,0.896551724,0.399862069,0.396551724,NA,17.7,31.02,58.48,102.9736583
Anderson,Fall 2019,Forage,102,Enclosed,1,70.6,1.217241379,0.542889655,51,0.879310345,0.392172414,0.337931034,NA,21.26,28.02,53.03,117.6559473
Anderson,Fall 2019,Forage,103,Enclosed,1,73.8,1.272413793,0.567496552,51.4,0.886206897,0.395248276,0.386206897,NA,19.08,27.14,53.91,116.9182746
Anderson,Fall 2019,Forage,104,Grazed,1,69.6,1.2,0.5352,16,0.275862069,0.123034483,0.924137931,0.770114943,21.57,28.5,52.3,118.6331095
Anderson,Fall 2019,Forage,105,Grazed,1,110.4,1.903448276,0.848937931,92,1.586206897,0.707448276,0.317241379,0.166666667,22.32,34.45,59.01,97.8367088
Anderson,Fall 2019,Forage,106,Grazed,1,81.6,1.406896552,0.627475862,54,0.931034483,0.415241379,0.475862069,0.338235294,20.03,27.02,53.76,117.40625
Anderson,Fall 2019,Forage,201,Enclosed,2,63,1.086206897,0.484448276,72.2,1.244827586,0.555193103,-0.15862069,NA,24.09,23.78,45.65,143.4073817
Anderson,Fall 2019,Forage,202,Enclosed,2,62.6,1.079310345,0.481372414,61.8,1.065517241,0.47522069,0.013793103,NA,21.96,25.81,48.15,132.9063923
Anderson,Fall 2019,Forage,203,Enclosed,2,57.6,0.993103448,0.442924138,60,1.034482759,0.46137931,-0.04137931,NA,22.78,27.6,50.3,124.6467243
Anderson,Fall 2019,Forage,204,Grazed,2,94,1.620689655,0.722827586,11,0.189655172,0.084586207,1.431034483,0.882978723,21.7,27.48,53.39,117.5955431
Anderson,Fall 2019,Forage,205,Grazed,2,61.8,1.065517241,0.47522069,15.2,0.262068966,0.116882759,0.803448276,0.754045307,18.29,29.02,54.28,113.6114548
Anderson,Fall 2019,Forage,206,Grazed,2,86.8,1.496551724,0.667462069,50,0.862068966,0.384482759,0.634482759,0.423963134,17.81,28.88,57.07,108.2350602
Anderson,Fall 2019,Forage,301,Enclosed,3,63.4,1.093103448,0.487524138,94.2,1.624137931,0.724365517,-0.531034483,NA,18.31,31.12,57.36,104.8579676
Anderson,Fall 2019,Forage,302,Enclosed,3,112.4,1.937931034,0.864317241,79.8,1.375862069,0.613634483,0.562068966,NA,24.42,28.3,51.28,121.2754417
Anderson,Fall 2019,Forage,303,Enclosed,3,50,0.862068966,0.384482759,101.4,1.748275862,0.779731034,-0.886206897,NA,25.74,26.12,49.15,129.7452412
Anderson,Fall 2019,Forage,304,Grazed,3,65.4,1.127586207,0.502903448,15,0.25862069,0.115344828,0.868965517,0.770642202,23.65,26.05,51.95,122.849878
Anderson,Fall 2019,Forage,305,Grazed,3,102.8,1.772413793,0.790496552,13.6,0.234482759,0.10457931,1.537931034,0.86770428,21.43,30.98,56.96,105.7724392
Anderson,Fall 2019,Forage,306,Grazed,3,79.4,1.368965517,0.610558621,18.4,0.317241379,0.141489655,1.051724138,0.768261965,18.91,30.33,55.99,108.4461594
Anderson,Spring 2020,Forage,101,Enclosed,1,70.7,1.218965517,0.543658621,155.9,2.687931034,1.198817241,-1.468965517,-1.205091938,13.37333333,22.78333333,46.34,142.8306116
Anderson,Spring 2020,Forage,102,Enclosed,1,119.6,2.062068966,0.919682759,201.2,3.468965517,1.547158621,-1.406896552,-0.682274247,12.98666667,26.74666667,54.45666667,116.2679892
Anderson,Spring 2020,Forage,103,Enclosed,1,81.4,1.403448276,0.625937931,NA,NA,NA,NA,NA,12.99333333,23.50333333,46.91,139.9828535
Anderson,Spring 2020,Forage,104,Grazed,1,55.4,0.955172414,0.426006897,38.6,0.665517241,0.29682069,0.289655172,0.303249097,12.72,23.86,48.58333333,134.6294978
Anderson,Spring 2020,Forage,105,Grazed,1,98.7,1.701724138,0.758968966,70.5,1.215517241,0.54212069,0.486206897,0.285714286,13.82666667,24.72,46.40666667,139.6012735
Anderson,Spring 2020,Forage,106,Grazed,1,101.6,1.751724138,0.781268966,NA,NA,NA,NA,NA,13.62333333,27.49,52.97,118.5142797
Anderson,Spring 2020,Forage,201,Enclosed,2,144.2,2.486206897,1.108848276,205.5,3.543103448,1.580224138,-1.056896552,-0.425104022,12.25333333,27.05333333,50.55666667,124.797478
Anderson,Spring 2020,Forage,202,Enclosed,2,118.3,2.039655172,0.909686207,164.4,2.834482759,1.26417931,-0.794827586,-0.389687236,12.58666667,25.63333333,50.68,126.5241705
Anderson,Spring 2020,Forage,203,Enclosed,2,124.3,2.143103448,0.955824138,NA,NA,NA,NA,NA,15.00666667,24.08,46.97666667,138.894645
Anderson,Spring 2020,Forage,204,Grazed,2,79.4,1.368965517,0.610558621,89.5,1.543103448,0.688224138,-0.174137931,-0.12720403,13.12,24.63333333,47.88333333,135.4272902
Anderson,Spring 2020,Forage,205,Grazed,2,175,3.017241379,1.345689655,38,0.655172414,0.292206897,2.362068966,0.782857143,15.26666667,26.08333333,49.91666667,127.8057227
Anderson,Spring 2020,Forage,206,Grazed,2,84,1.448275862,0.645931034,NA,NA,NA,NA,NA,12.90333333,23.29333333,46.35,142.0024452
Anderson,Spring 2020,Forage,301,Enclosed,3,149.4,2.575862069,1.148834483,276.2,4.762068966,2.123882759,-2.186206897,-0.848728246,13.34333333,26.21,50.83333333,125.3204605
Anderson,Spring 2020,Forage,302,Enclosed,3,152.3,2.625862069,1.171134483,238.6,4.113793103,1.834751724,-1.487931034,-0.56664478,15.86,25.59666667,47.82666667,134.1281436
Anderson,Spring 2020,Forage,303,Enclosed,3,109.6,1.889655172,0.842786207,NA,NA,NA,NA,NA,15.97666667,25.21,45.81666667,140.6239766
Anderson,Spring 2020,Forage,304,Grazed,3,60.7,1.046551724,0.466762069,43.1,0.743103448,0.331424138,0.303448276,0.289950577,13.77666667,21.72,45.67666667,146.5918073
Anderson,Spring 2020,Forage,305,Grazed,3,128.9,2.222413793,0.991196552,18.7,0.322413793,0.143796552,1.9,0.854926299,14.0575,26.0625,51.2275,124.5648402
Anderson,Spring 2020,Forage,306,Grazed,3,61.1,1.053448276,0.469837931,NA,NA,NA,NA,NA,13.09666667,23.35333333,45.77,143.7069134
Anderson,Fall 2020,Forage,101,Enclosed,1,115.8,1.996551724,0.890462069,99.6,1.717241379,0.765889655,0.279310345,0.139896373,6.926666667,31.41333333,63.13666667,94.92735213
Anderson,Fall 2020,Forage,102,Enclosed,1,109.3,1.884482759,0.84047931,127,2.189655172,0.976586207,-0.305172414,-0.161939616,7.076666667,33.1,68.69666667,85.46516706
Anderson,Fall 2020,Forage,103,Enclosed,1,98.5,1.698275862,0.757431034,89.5,1.543103448,0.688224138,0.155172414,0.091370558,8.126666667,32.92666667,64.84,90.74233055
Anderson,Fall 2020,Forage,104,Grazed,1,177.8,3.065517241,1.36722069,6.6,0.113793103,0.050751724,2.951724138,0.96287964,6.15,36.11333333,74.57333333,75.8020366
Anderson,Fall 2020,Forage,105,Grazed,1,188.5,3.25,1.4495,30.3,0.522413793,0.232996552,2.727586207,0.839257294,5.1,38.70666667,74.53666667,73.31806727
Anderson,Fall 2020,Forage,106,Grazed,1,217.7,3.753448276,1.674037931,14,0.24137931,0.107655172,3.512068966,0.935691318,5.51,35.62333333,71.10333333,80.00072828
Anderson,Fall 2020,Forage,201,Enclosed,2,145.2,2.503448276,1.116537931,78.9,1.360344828,0.606713793,1.143103448,0.45661157,8.44,36.51666667,69.32666667,81.11716914
Anderson,Fall 2020,Forage,202,Enclosed,2,127.9,2.205172414,0.983506897,87.2,1.503448276,0.670537931,0.701724138,0.318217357,7.48,36.17666667,70.28,80.36740303
Anderson,Fall 2020,Forage,203,Enclosed,2,202.5,3.49137931,1.557155172,73.1,1.260344828,0.562113793,2.231034483,0.639012346,4.893333333,39.43333333,78.01666667,69.37269417
Anderson,Fall 2020,Forage,204,Grazed,2,130.2,2.244827586,1.001193103,15.9,0.274137931,0.122265517,1.970689655,0.877880184,7.543333333,34.53333333,67.53333333,85.39938933
Anderson,Fall 2020,Forage,205,Grazed,2,142.6,2.45862069,1.096544828,3.9,0.067241379,0.029989655,2.39137931,0.972650771,6.456666667,33.59666667,67.98666667,85.82831563
Anderson,Fall 2020,Forage,206,Grazed,2,117.1,2.018965517,0.900458621,5.4,0.093103448,0.041524138,1.925862069,0.953885568,5.07,42.26666667,78.31666667,66.4853185
Anderson,Fall 2020,Forage,301,Enclosed,3,181.4,3.127586207,1.394903448,124.6,2.148275862,0.958131034,0.979310345,0.313120176,6.206666667,37.26,73.89333333,75.37509756
Anderson,Fall 2020,Forage,302,Enclosed,3,146,2.517241379,1.122689655,137.6,2.372413793,1.058096552,0.144827586,0.057534247,4.103333333,42.38666667,80.03333333,64.95059617
Anderson,Fall 2020,Forage,303,Enclosed,3,135.4,2.334482759,1.04117931,78.4,1.351724138,0.602868966,0.982758621,0.420974889,6.67,38.30333333,70.98666667,77.39639282
Anderson,Fall 2020,Forage,304,Grazed,3,117.2,2.020689655,0.901227586,12.2,0.210344828,0.093813793,1.810344828,0.895904437,6.566666667,37.92,71.71,77.00307116
Anderson,Fall 2020,Forage,305,Grazed,3,98.7,1.701724138,0.758968966,15.9,0.274137931,0.122265517,1.427586207,0.838905775,6.56,39.84,76.69333333,70.18546431
Anderson,Fall 2020,Forage,306,Grazed,3,117.3,2.022413793,0.901996552,6.1,0.105172414,0.046906897,1.917241379,0.94799659,7.196666667,35.28666667,69.19333333,82.56163945
Honken,Fall 2020,Forage,101,Enclosed,1,225.9,3.894827586,1.737093103,NA,NA,NA,NA,NA,0.8,49.34666667,90.17333333,52.05369848
Honken,Fall 2020,Forage,102,Enclosed,1,283.3,4.884482759,2.17847931,NA,NA,NA,NA,NA,1.333333333,47.88666667,86.18666667,55.68906142
Honken,Fall 2020,Forage,103,Enclosed,1,189.7,3.270689655,1.458727586,NA,NA,NA,NA,NA,2.913333333,45.51,82.83,60.02511167
Honken,Fall 2020,Forage,104,Grazed,1,186.6,3.217241379,1.434889655,NA,NA,NA,NA,NA,2.593333333,46.7,83.54333333,58.48038756
Honken,Fall 2020,Forage,105,Grazed,1,274,4.724137931,2.106965517,NA,NA,NA,NA,NA,0.766666667,50.59333333,90.30333333,50.97835804
Honken,Fall 2020,Forage,106,Grazed,1,209.9,3.618965517,1.614058621,NA,NA,NA,NA,NA,1.973333333,46.48333333,84.34333333,58.1118518
Honken,Fall 2020,Forage,201,Enclosed,2,171.9,2.963793103,1.321851724,NA,NA,NA,NA,NA,0.57,49.92333333,92.83333333,50.11203541
Honken,Fall 2020,Forage,202,Enclosed,2,161.9,2.79137931,1.244955172,NA,NA,NA,NA,NA,2.326666667,47.02666667,87.65,55.4703317
Honken,Fall 2020,Forage,203,Enclosed,2,155.4,2.679310345,1.194972414,NA,NA,NA,NA,NA,0.623333333,50.43666667,90.30333333,51.1040773
Honken,Fall 2020,Forage,204,Grazed,2,238.7,4.115517241,1.83552069,NA,NA,NA,NA,NA,1.706666667,47.17666667,88.59,54.7590564
Honken,Fall 2020,Forage,205,Grazed,2,169,2.913793103,1.299551724,NA,NA,NA,NA,NA,2.116666667,47.42,90.25333333,53.55449433
Honken,Fall 2020,Forage,206,Grazed,2,94.3,1.625862069,0.725134483,NA,NA,NA,NA,NA,2.423333333,44.13333333,82.34,61.5938828
Honken,Fall 2020,Forage,301,Enclosed,3,207.3,3.574137931,1.594065517,NA,NA,NA,NA,NA,2.223333333,43.84666667,82.64,61.6216559
Honken,Fall 2020,Forage,302,Enclosed,3,170.4,2.937931034,1.310317241,NA,NA,NA,NA,NA,2.5,43.09,82.46,62.42112032
Honken,Fall 2020,Forage,303,Enclosed,3,57.4,0.989655172,0.441386207,NA,NA,NA,NA,NA,3.266666667,41.88333333,77.22333333,67.78633602
Honken,Fall 2020,Forage,304,Grazed,3,120.7,2.081034483,0.928141379,NA,NA,NA,NA,NA,1.65,45.65333333,88.29666667,56.19117369
Honken,Fall 2020,Forage,305,Grazed,3,168,2.896551724,1.291862069,NA,NA,NA,NA,NA,2.003333333,42.99,82.32666667,62.61023678
Honken,Fall 2020,Forage,306,Grazed,3,255.8,4.410344828,1.967013793,NA,NA,NA,NA,NA,4.47,41.13333333,78.82333333,67.09987304
Anderson,Spring 2021,Forage,101,Enclosed,1,74.1,1.277586207,0.569803448,177.7,3.063793103,1.366451724,-1.786206897,-1.398110661,11.30666667,30.11,66.62,91.38160899
Anderson,Spring 2021,Forage,102,Enclosed,1,29.9,0.515517241,0.22992069,140.5,2.422413793,1.080396552,-1.906896552,-3.698996656,13.59333333,25.05666667,53.64,120.3212748
Anderson,Spring 2021,Forage,103,Enclosed,1,36,0.620689655,0.276827586,167.8,2.893103448,1.290324138,-2.272413793,-3.661111111,12.81,25.96,56.70666667,112.6599992
Anderson,Spring 2021,Forage,104,Grazed,1,38.7,0.667241379,0.297589655,22.4,0.386206897,0.172248276,0.281034483,0.42118863,11.07,26.96666667,56.39,111.9990212
Anderson,Spring 2021,Forage,105,Grazed,1,31.4,0.54137931,0.241455172,27.4,0.472413793,0.210696552,0.068965517,0.127388535,13.34666667,21.08666667,49.14,137.1941329
Anderson,Spring 2021,Forage,106,Grazed,1,55.5,0.956896552,0.426775862,51.2,0.882758621,0.393710345,0.074137931,0.077477477,11.49333333,24.71333333,52.19666667,124.125031
Anderson,Spring 2021,Forage,201,Enclosed,2,68.8,1.186206897,0.529048276,147.8,2.548275862,1.136531034,-1.362068966,-1.148255814,14.12,22.74,54.06333333,122.4843214
Anderson,Spring 2021,Forage,202,Enclosed,2,109.3,1.884482759,0.84047931,171.2,2.951724138,1.316468966,-1.067241379,-0.566331199,10.43333333,30.87333333,65.16,92.58022946
Anderson,Spring 2021,Forage,203,Enclosed,2,81.8,1.410344828,0.629013793,172.4,2.972413793,1.325696552,-1.562068966,-1.107579462,13.35333333,26.26,58.68666667,108.4885861
Anderson,Spring 2021,Forage,204,Grazed,2,35.2,0.606896552,0.270675862,45.7,0.787931034,0.351417241,-0.181034483,-0.298295455,15.29333333,23.97333333,51.81833333,126.0661359
Anderson,Spring 2021,Forage,205,Grazed,2,46.2,0.796551724,0.355262069,61.5,1.060344828,0.472913793,-0.263793103,-0.331168831,16.43333333,24.31,50.78666667,128.1466356
Anderson,Spring 2021,Forage,206,Grazed,2,55,0.948275862,0.422931034,51.1,0.881034483,0.392941379,0.067241379,0.070909091,11.02,28.18,58.96333333,105.6198846
Anderson,Spring 2021,Forage,301,Enclosed,3,122.1,2.105172414,0.938906897,194.4,3.351724138,1.494868966,-1.246551724,-0.592137592,14.96333333,30.06333333,64.72333333,94.1117242
Anderson,Spring 2021,Forage,302,Enclosed,3,157.6,2.717241379,1.211889655,149.2,2.572413793,1.147296552,0.144827586,0.053299492,12.68,29.67,60.96666667,100.3782522
Anderson,Spring 2021,Forage,303,Enclosed,3,125.6,2.165517241,0.96582069,186.3,3.212068966,1.432582759,-1.046551724,-0.483280255,14.09666667,27.28333333,55.51666667,113.3475386
Anderson,Spring 2021,Forage,304,Grazed,3,68.6,1.182758621,0.527510345,30.4,0.524137931,0.233765517,0.65862069,0.556851312,14.00666667,24.08666667,50.56333333,129.0327182
Anderson,Spring 2021,Forage,305,Grazed,3,43.8,0.755172414,0.336806897,30.6,0.527586207,0.235303448,0.227586207,0.301369863,13.98,24.10333333,50.92333333,128.0968107
Anderson,Spring 2021,Forage,306,Grazed,3,38.8,0.668965517,0.298358621,33.4,0.575862069,0.256834483,0.093103448,0.139175258,15.88666667,20.12666667,44.20333333,154.0898771
Honken,Spring 2021,Forage,101,Enclosed,1,94.9,1.636206897,0.729748276,126.1,2.174137931,0.969665517,-0.537931034,-0.328767123,15.05333333,29.37666667,60.71666667,101.1416504
Honken,Spring 2021,Forage,102,Enclosed,1,45.9,0.79137931,0.352955172,111.3,1.918965517,0.855858621,-1.127586207,-1.424836601,14.72333333,23.42666667,49.95666667,131.5570425
Honken,Spring 2021,Forage,103,Enclosed,1,59.4,1.024137931,0.456765517,150.9,2.601724138,1.160368966,-1.577586207,-1.54040404,11.45333333,29.40333333,60.62666667,101.2599209
Honken,Spring 2021,Forage,104,Grazed,1,53.4,0.920689655,0.410627586,59.1,1.018965517,0.454458621,-0.098275862,-0.106741573,11.16666667,31,64.95333333,92.73348307
Honken,Spring 2021,Forage,105,Grazed,1,22.7,0.39137931,0.174555172,62,1.068965517,0.476758621,-0.677586207,-1.731277533,17.20333333,21.88,45.85,145.784748
Honken,Spring 2021,Forage,106,Grazed,1,46.9,0.80862069,0.360644828,90.7,1.563793103,0.697451724,-0.755172414,-0.933901919,10.32833333,32.34,66.885,88.60350723
Honken,Spring 2021,Forage,201,Enclosed,2,48.2,0.831034483,0.370641379,143.3,2.470689655,1.101927586,-1.639655172,-1.973029046,13.96,26.58,52.93666667,119.8346071
Honken,Spring 2021,Forage,202,Enclosed,2,41.9,0.722413793,0.322196552,124.3,2.143103448,0.955824138,-1.420689655,-1.966587112,12.89333333,25.56666667,52.82,121.489511
Honken,Spring 2021,Forage,203,Enclosed,2,62.2,1.072413793,0.478296552,112,1.931034483,0.861241379,-0.85862069,-0.800643087,12.66,26.02666667,61.08,104.5144403
Honken,Spring 2021,Forage,204,Grazed,2,65.2,1.124137931,0.501365517,105.7,1.822413793,0.812796552,-0.698275862,-0.621165644,12.59,28.165,58.5,106.474999
Honken,Spring 2021,Forage,205,Grazed,2,72.1,1.243103448,0.554424138,108.6,1.872413793,0.835096552,-0.629310345,-0.506241331,9.0425,33.3925,67.015,87.29353199
Honken,Spring 2021,Forage,206,Grazed,2,59.6,1.027586207,0.458303448,48.9,0.843103448,0.376024138,0.184482759,0.179530201,14.36,26.53333333,52.12666667,121.7616004
Honken,Spring 2021,Forage,301,Enclosed,3,48,0.827586207,0.369103448,127.9,2.205172414,0.983506897,-1.377586207,-1.664583333,13.53,27.86666667,58.79333333,106.3114787
Honken,Spring 2021,Forage,302,Enclosed,3,71.9,1.239655172,0.552886207,121.6,2.096551724,0.935062069,-0.856896552,-0.69123783,11.87666667,34.95,71.89,79.80402876
Honken,Spring 2021,Forage,303,Enclosed,3,70.1,1.20862069,0.539044828,103.4,1.782758621,0.795110345,-0.574137931,-0.475035663,10.02333333,30.77333333,63.65,94.89040477
Honken,Spring 2021,Forage,304,Grazed,3,62.3,1.074137931,0.479065517,81.2,1.4,0.6244,-0.325862069,-0.303370787,17.26,26.25333333,52.16333333,122.0649867
Honken,Spring 2021,Forage,305,Grazed,3,90.1,1.553448276,0.692837931,98.9,1.705172414,0.760506897,-0.151724138,-0.097669256,12.53,30.60666667,58.56333333,103.3385813
Honken,Spring 2021,Forage,306,Grazed,3,67.4,1.162068966,0.518282759,74,1.275862069,0.569034483,-0.113793103,-0.097922849,14.02333333,29.59666667,57.82666667,105.9207093
Anderson,Summer 2020,Grain,101,Enclosed,1,42.3,0.729310345,0.325272414,NA,NA,NA,NA,NA,NA,NA,NA,NA
Anderson,Summer 2020,Grain,102,Enclosed,1,60.5,1.043103448,0.465224138,NA,NA,NA,NA,NA,NA,NA,NA,NA
Anderson,Summer 2020,Grain,103,Enclosed,1,48.3,0.832758621,0.371410345,NA,NA,NA,NA,NA,NA,NA,NA,NA
Anderson,Summer 2020,Grain,104,Grazed,1,32.3,0.556896552,0.248375862,NA,NA,NA,NA,NA,NA,NA,NA,NA
Anderson,Summer 2020,Grain,105,Grazed,1,49.5,0.853448276,0.380637931,NA,NA,NA,NA,NA,NA,NA,NA,NA
Anderson,Summer 2020,Grain,106,Grazed,1,29.8,0.513793103,0.229151724,NA,NA,NA,NA,NA,NA,NA,NA,NA
Anderson,Summer 2020,Grain,201,Enclosed,2,70.3,1.212068966,0.540582759,NA,NA,NA,NA,NA,NA,NA,NA,NA
Anderson,Summer 2020,Grain,202,Enclosed,2,79,1.362068966,0.607482759,NA,NA,NA,NA,NA,NA,NA,NA,NA
Anderson,Summer 2020,Grain,203,Enclosed,2,67.5,1.163793103,0.519051724,NA,NA,NA,NA,NA,NA,NA,NA,NA
Anderson,Summer 2020,Grain,204,Grazed,2,48.7,0.839655172,0.374486207,NA,NA,NA,NA,NA,NA,NA,NA,NA
Anderson,Summer 2020,Grain,205,Grazed,2,40.9,0.705172414,0.314506897,NA,NA,NA,NA,NA,NA,NA,NA,NA
Anderson,Summer 2020,Grain,206,Grazed,2,47.2,0.813793103,0.362951724,NA,NA,NA,NA,NA,NA,NA,NA,NA
Anderson,Summer 2020,Grain,301,Enclosed,3,42.9,0.739655172,0.329886207,NA,NA,NA,NA,NA,NA,NA,NA,NA
Anderson,Summer 2020,Grain,302,Enclosed,3,59.5,1.025862069,0.457534483,NA,NA,NA,NA,NA,NA,NA,NA,NA
Anderson,Summer 2020,Grain,303,Enclosed,3,57.3,0.987931034,0.440617241,NA,NA,NA,NA,NA,NA,NA,NA,NA
Anderson,Summer 2020,Grain,304,Grazed,3,52.5,0.905172414,0.403706897,NA,NA,NA,NA,NA,NA,NA,NA,NA
Anderson,Summer 2020,Grain,305,Grazed,3,27.2,0.468965517,0.209158621,NA,NA,NA,NA,NA,NA,NA,NA,NA
Anderson,Summer 2020,Grain,306,Grazed,3,42.6,0.734482759,0.32757931,NA,NA,NA,NA,NA,NA,NA,NA,NA
Anderson,Summer 2020,Straw,101,Enclosed,1,432.7,7.460344828,3.327313793,NA,NA,NA,NA,NA,1.936289318,72.98735014,42.27462,71.33197983
Anderson,Summer 2020,Straw,102,Enclosed,1,421.4,7.265517241,3.24042069,NA,NA,NA,NA,NA,1.76358195,75.29138325,45.15348,66.37831645
Anderson,Summer 2020,Straw,103,Enclosed,1,483.2,8.331034483,3.715641379,NA,NA,NA,NA,NA,2.328940226,71.65553299,42.203442,72.72976548
Anderson,Summer 2020,Straw,104,Grazed,1,281.9,4.860344828,2.167713793,NA,NA,NA,NA,NA,2.601389261,70.22847744,40.895712,75.55702629
Anderson,Summer 2020,Straw,105,Grazed,1,312,5.379310345,2.399172414,NA,NA,NA,NA,NA,3.0361184,70.90922496,40.6028,75.13099772
Anderson,Summer 2020,Straw,106,Grazed,1,256.2,4.417241379,1.970089655,NA,NA,NA,NA,NA,1.960658098,68.89805787,42.150025,75.69677782
Anderson,Summer 2020,Straw,201,Enclosed,2,658.7,11.35689655,5.065175862,NA,NA,NA,NA,NA,2.463488078,69.66096944,42.76382,74.22926059
Anderson,Summer 2020,Straw,202,Enclosed,2,680.4,11.73103448,5.232041379,NA,NA,NA,NA,NA,2.469872048,72.91062284,43.40466,70.28391074
Anderson,Summer 2020,Straw,203,Enclosed,2,701.7,12.09827586,5.395831034,NA,NA,NA,NA,NA,2.778604416,67.78912678,40.66736,78.52000348
Anderson,Summer 2020,Straw,204,Grazed,2,351.3,6.056896552,2.701375862,NA,NA,NA,NA,NA,3.096226734,72.0617435,44.407674,70.10321894
Anderson,Summer 2020,Straw,205,Grazed,2,324.4,5.593103448,2.494524138,NA,NA,NA,NA,NA,3.035642434,68.18588608,39.373983,79.43765926
Anderson,Summer 2020,Straw,206,Grazed,2,350.9,6.05,2.6983,NA,NA,NA,NA,NA,3.043814928,72.47969001,40.759376,73.34654052
Anderson,Summer 2020,Straw,301,Enclosed,3,499.6,8.613793103,3.841751724,NA,NA,NA,NA,NA,2.395659446,75.98959168,45.553332,65.38711199
Anderson,Summer 2020,Straw,302,Enclosed,3,472.3,8.143103448,3.631824138,NA,NA,NA,NA,NA,2.557302219,74.45092926,45.562258,66.7297664
Anderson,Summer 2020,Straw,303,Enclosed,3,462.2,7.968965517,3.554158621,NA,NA,NA,NA,NA,3.780200299,66.91928351,43.027357,76.98505937
Anderson,Summer 2020,Straw,304,Grazed,3,338.8,5.84137931,2.605255172,NA,NA,NA,NA,NA,3.929682739,65.73695304,40.16128,81.5291152
Anderson,Summer 2020,Straw,305,Grazed,3,265.1,4.570689655,2.038527586,NA,NA,NA,NA,NA,3.959324146,65.23119692,39.497024,82.89915347
Anderson,Summer 2020,Straw,306,Grazed,3,348.9,6.015517241,2.68292069,NA,NA,NA,NA,NA,3.514046285,69.11851853,41.474016,76.1640753
Anderson,Summer 2021,Grain,101,Enclosed,1,6.1,0.105172414,0.046906897,NA,NA,NA,NA,NA,NA,NA,NA,NA
Anderson,Summer 2021,Grain,102,Enclosed,2,19.6,0.337931034,0.150717241,NA,NA,NA,NA,NA,NA,NA,NA,NA
Anderson,Summer 2021,Grain,103,Enclosed,3,25,0.431034483,0.192241379,NA,NA,NA,NA,NA,NA,NA,NA,NA
Anderson,Summer 2021,Grain,104,Grazed,4,5.9,0.101724138,0.045368966,NA,NA,NA,NA,NA,NA,NA,NA,NA
Anderson,Summer 2021,Grain,105,Grazed,5,10.8,0.186206897,0.083048276,NA,NA,NA,NA,NA,NA,NA,NA,NA
Anderson,Summer 2021,Grain,106,Grazed,6,6.1,0.105172414,0.046906897,NA,NA,NA,NA,NA,NA,NA,NA,NA
Anderson,Summer 2021,Grain,201,Enclosed,1,55.3,0.953448276,0.425237931,NA,NA,NA,NA,NA,NA,NA,NA,NA
Anderson,Summer 2021,Grain,202,Enclosed,2,52.5,0.905172414,0.403706897,NA,NA,NA,NA,NA,NA,NA,NA,NA
Anderson,Summer 2021,Grain,203,Enclosed,3,45.6,0.786206897,0.350648276,NA,NA,NA,NA,NA,NA,NA,NA,NA
Anderson,Summer 2021,Grain,204,Grazed,4,35.7,0.615517241,0.27452069,NA,NA,NA,NA,NA,NA,NA,NA,NA
Anderson,Summer 2021,Grain,205,Grazed,5,34.8,0.6,0.2676,NA,NA,NA,NA,NA,NA,NA,NA,NA
Anderson,Summer 2021,Grain,206,Grazed,6,53.8,0.927586207,0.413703448,NA,NA,NA,NA,NA,NA,NA,NA,NA
Anderson,Summer 2021,Grain,301,Enclosed,1,56.2,0.968965517,0.432158621,NA,NA,NA,NA,NA,NA,NA,NA,NA
Anderson,Summer 2021,Grain,302,Enclosed,2,38.1,0.656896552,0.292975862,NA,NA,NA,NA,NA,NA,NA,NA,NA
Anderson,Summer 2021,Grain,303,Enclosed,3,58.2,1.003448276,0.447537931,NA,NA,NA,NA,NA,NA,NA,NA,NA
Anderson,Summer 2021,Grain,304,Grazed,4,53.3,0.918965517,0.409858621,NA,NA,NA,NA,NA,NA,NA,NA,NA
Anderson,Summer 2021,Grain,305,Grazed,5,66.8,1.151724138,0.513668966,NA,NA,NA,NA,NA,NA,NA,NA,NA
Anderson,Summer 2021,Grain,306,Grazed,6,39.9,0.687931034,0.306817241,NA,NA,NA,NA,NA,NA,NA,NA,NA
Anderson,Summer 2021,Straw,101,Enclosed,1,253.1,4.363793103,1.946251724,NA,NA,NA,NA,NA,3.43429632,64.97127936,39.74256,82.95693518
Anderson,Summer 2021,Straw,102,Enclosed,2,292,5.034482759,2.24537931,NA,NA,NA,NA,NA,3.964712858,65.791377,39.09792,82.63289767
Anderson,Summer 2021,Straw,103,Enclosed,3,275.5,4.75,2.1185,NA,NA,NA,NA,NA,4.481896782,62.06509695,37.733839,89.18668757
Anderson,Summer 2021,Straw,104,Grazed,4,197.1,3.398275862,1.515631034,NA,NA,NA,NA,NA,5.329391262,58.47787908,33.527625,99.86997287
Anderson,Summer 2021,Straw,105,Grazed,5,176.3,3.039655172,1.355686207,NA,NA,NA,NA,NA,5.417876448,63.52897061,34.924128,90.33652506
Anderson,Summer 2021,Straw,106,Grazed,6,192.1,3.312068966,1.477182759,NA,NA,NA,NA,NA,4.756473634,61.06307135,35.826492,92.9137105
Anderson,Summer 2021,Straw,201,Enclosed,1,321.6,5.544827586,2.472993103,NA,NA,NA,NA,NA,3.352811767,66.47082377,39.828722,80.99154134
Anderson,Summer 2021,Straw,202,Enclosed,2,268.8,4.634482759,2.06697931,NA,NA,NA,NA,NA,4.094829422,64.58582886,40.833144,82.22839294
Anderson,Summer 2021,Straw,203,Enclosed,3,243,4.189655172,1.868586207,NA,NA,NA,NA,NA,4.739119522,64.39367067,39.389167,84.09874477
Anderson,Summer 2021,Straw,204,Grazed,4,243.8,4.203448276,1.874737931,NA,NA,NA,NA,NA,3.313058263,62.23816594,37.82248,88.83547493
Anderson,Summer 2021,Straw,205,Grazed,5,270,4.655172414,2.076206897,NA,NA,NA,NA,NA,2.944311586,63.18878227,39.344283,85.75381902
Anderson,Summer 2021,Straw,206,Grazed,6,354.5,6.112068966,2.725982759,NA,NA,NA,NA,NA,2.644943468,66.50143576,41.62056,79.00173375
Anderson,Summer 2021,Straw,301,Enclosed,1,364.4,6.282758621,2.802110345,NA,NA,NA,NA,NA,3.209778477,65.3238023,41.504176,80.55505523
Anderson,Summer 2021,Straw,302,Enclosed,2,372,6.413793103,2.860551724,NA,NA,NA,NA,NA,3.4567493,60.53675858,36.073323,93.42604442
Anderson,Summer 2021,Straw,303,Enclosed,3,421.4,7.265517241,3.24042069,NA,NA,NA,NA,NA,3.193190303,66.8535521,41.26914,78.96655073
Anderson,Summer 2021,Straw,304,Grazed,4,396,6.827586207,3.045103448,NA,NA,NA,NA,NA,2.63671875,65.13574219,40.696875,81.68577626
Anderson,Summer 2021,Straw,305,Grazed,5,404.9,6.981034483,3.113541379,NA,NA,NA,NA,NA,2.44585289,70.34951322,43.848168,72.38578657
Anderson,Summer 2021,Straw,306,Grazed,6,372.1,6.415517241,2.86132069,NA,NA,NA,NA,NA,2.645893178,63.17178401,38.51339,86.73002106
Anderson,Summer 2022,Grain,101,Enclosed,1,4.9,0.084482759,0.03767931,NA,NA,NA,NA,NA,NA,NA,NA,NA
Anderson,Summer 2022,Grain,102,Enclosed,2,6.5,0.112068966,0.049982759,NA,NA,NA,NA,NA,NA,NA,NA,NA
Anderson,Summer 2022,Grain,103,Enclosed,3,5.1,0.087931034,0.039217241,NA,NA,NA,NA,NA,NA,NA,NA,NA
Anderson,Summer 2022,Grain,104,Grazed,4,30.8,0.531034483,0.236841379,NA,NA,NA,NA,NA,NA,NA,NA,NA
Anderson,Summer 2022,Grain,105,Grazed,5,25.7,0.443103448,0.197624138,NA,NA,NA,NA,NA,NA,NA,NA,NA
Anderson,Summer 2022,Grain,106,Grazed,6,29.4,0.506896552,0.226075862,NA,NA,NA,NA,NA,NA,NA,NA,NA
Anderson,Summer 2022,Grain,201,Enclosed,1,34.9,0.601724138,0.268368966,NA,NA,NA,NA,NA,NA,NA,NA,NA
Anderson,Summer 2022,Grain,202,Enclosed,2,34.7,0.598275862,0.266831034,NA,NA,NA,NA,NA,NA,NA,NA,NA
Anderson,Summer 2022,Grain,203,Enclosed,3,27.9,0.481034483,0.214541379,NA,NA,NA,NA,NA,NA,NA,NA,NA
Anderson,Summer 2022,Grain,204,Grazed,4,36.9,0.636206897,0.283748276,NA,NA,NA,NA,NA,NA,NA,NA,NA
Anderson,Summer 2022,Grain,205,Grazed,5,42.4,0.731034483,0.326041379,NA,NA,NA,NA,NA,NA,NA,NA,NA
Anderson,Summer 2022,Grain,206,Grazed,6,21.7,0.374137931,0.166865517,NA,NA,NA,NA,NA,NA,NA,NA,NA
Anderson,Summer 2022,Grain,301,Enclosed,1,24.4,0.420689655,0.187627586,NA,NA,NA,NA,NA,NA,NA,NA,NA
Anderson,Summer 2022,Grain,302,Enclosed,2,27.5,0.474137931,0.211465517,NA,NA,NA,NA,NA,NA,NA,NA,NA
Anderson,Summer 2022,Grain,303,Enclosed,3,36.5,0.629310345,0.280672414,NA,NA,NA,NA,NA,NA,NA,NA,NA
Anderson,Summer 2022,Grain,304,Grazed,4,30,0.517241379,0.230689655,NA,NA,NA,NA,NA,NA,NA,NA,NA
Anderson,Summer 2022,Grain,305,Grazed,5,24,0.413793103,0.184551724,NA,NA,NA,NA,NA,NA,NA,NA,NA
Anderson,Summer 2022,Grain,306,Grazed,6,37.5,0.646551724,0.288362069,NA,NA,NA,NA,NA,NA,NA,NA,NA
Anderson,Spring 2022,Forage,101,Enclosed,1,NA,NA,NA,114,1.965517241,0.87662069,NA,NA,NA,NA,NA,NA
Anderson,Spring 2022,Forage,102,Enclosed,2,NA,NA,NA,96.9,1.670689655,0.745127586,NA,NA,NA,NA,NA,NA
Anderson,Spring 2022,Forage,103,Enclosed,3,NA,NA,NA,104,1.793103448,0.799724138,NA,NA,NA,NA,NA,NA
Anderson,Spring 2022,Forage,104,Grazed,4,40.8,0.703448276,0.313737931,27.3,0.470689655,0.209927586,0.232758621,0.330882353,17.657448,20.628295,44.152933,153.4424824
Anderson,Spring 2022,Forage,105,Grazed,5,71.8,1.237931034,0.552117241,33.5,0.577586207,0.257603448,0.660344828,0.533426184,17.284784,21.958112,45.819136,145.7594116
Anderson,Spring 2022,Forage,106,Grazed,6,84.6,1.45862069,0.650544828,62.6,1.079310345,0.481372414,0.379310345,0.260047281,17.211648,23.574912,47.691776,137.5794582
Anderson,Spring 2022,Forage,201,Enclosed,1,153.6,2.648275862,1.181131034,167,2.879310345,1.284172414,-0.231034483,-0.087239583,17.88333,29.858607,54.932721,111.1552441
Anderson,Spring 2022,Forage,202,Enclosed,2,118.9,2.05,0.9143,182.8,3.151724138,1.405668966,-1.101724138,-0.537426409,16.7552,27.42355,53.56615,117.2852016
Anderson,Spring 2022,Forage,203,Enclosed,3,116.2,2.003448276,0.893537931,131.3,2.263793103,1.009651724,-0.260344827,-0.129948365,17.348116,28.13961,51.097074,121.9370669
Anderson,Spring 2022,Forage,204,Grazed,4,57,0.982758621,0.438310345,48.4,0.834482759,0.37217931,0.148275862,0.150877193,15.257336,22.121272,48.373962,137.8168465
Anderson,Spring 2022,Forage,205,Grazed,5,74.8,1.289655172,0.575186207,20.6,0.355172414,0.158406897,0.934482759,0.72459893,NA,NA,NA,NA
Anderson,Spring 2022,Forage,206,Grazed,6,66.4,1.144827586,0.510593103,51.5,0.887931035,0.396017241,0.256896552,0.22439759,16.59933,24.712695,48.018825,134.9253991
Anderson,Spring 2022,Forage,301,Enclosed,1,115.7,1.994827586,0.889693103,192.3,3.315517241,1.47872069,-1.320689655,-0.662057044,18.02237,26.482228,49.29512,128.8307993
Anderson,Spring 2022,Forage,302,Enclosed,2,93.3,1.60862069,0.717444828,134.3,2.315517241,1.03272069,-0.706896551,-0.439442658,16.666952,26.530876,51.158024,124.0705549
Anderson,Spring 2022,Forage,303,Enclosed,3,113.9,1.963793103,0.875851724,216.8,3.737931034,1.667117241,-1.774137931,-0.903424056,15.5316,28.19725,53.54704,116.2800118
Anderson,Spring 2022,Forage,304,Grazed,4,71.7,1.236206897,0.551348276,87,1.5,0.669,-0.263793103,-0.213389121,17.57423,22.517272,44.450282,149.3365263
Anderson,Spring 2022,Forage,305,Grazed,5,87.5,1.50862069,0.672844828,29,0.5,0.223,1.00862069,0.668571429,19.23635,23.716175,46.013275,142.3756962
Anderson,Spring 2022,Forage,306,Grazed,6,84.1,1.45,0.6467,37.8,0.651724138,0.290668966,0.798275862,0.550535077,18.068638,25.013135,47.030242,137.2986281
Anderson,Fall 2022,Forage,101,Enclosed,1,57.8,0.996551724,0.444462069,NA,NA,NA,NA,NA,9.477995931,28.796398,61.44101643,100.6336397
Anderson,Fall 2022,Forage,102,Enclosed,2,64.6,1.113793103,0.496751724,NA,NA,NA,NA,NA,13.89092943,32.8618405,60.55670621,97.24304883
Anderson,Fall 2022,Forage,103,Enclosed,3,70.4,1.213793103,0.541351724,NA,NA,NA,NA,NA,9.167248845,38.246032,66.28177153,82.99026176
Anderson,Fall 2022,Forage,104,Grazed,4,20.9,0.360344828,0.160713793,NA,NA,NA,NA,NA,14.32212788,23.396984,53.4735264,122.944992
Anderson,Fall 2022,Forage,105,Grazed,5,35.7,0.615517241,0.27452069,NA,NA,NA,NA,NA,21.63469293,17.777219,37.59441882,185.7067995
Anderson,Fall 2022,Forage,106,Grazed,6,30.8,0.531034483,0.236841379,NA,NA,NA,NA,NA,17.65744495,19.38432,41.63071876,164.9042016
Anderson,Fall 2022,Forage,201,Enclosed,1,5.6,0.096551724,0.043062069,NA,NA,NA,NA,NA,18.76959917,19.20957,41.66759679,165.0621645
Anderson,Fall 2022,Forage,202,Enclosed,2,10.1,0.174137931,0.077665517,NA,NA,NA,NA,NA,19.70814244,23.890664,43.91320051,148.8966329
Anderson,Fall 2022,Forage,203,Enclosed,3,8,0.137931035,0.061517241,NA,NA,NA,NA,NA,17.75890614,18.598016,38.90087951,177.9409653
Anderson,Fall 2022,Forage,204,Grazed,4,11,0.189655172,0.084586207,NA,NA,NA,NA,NA,12.15230968,24.15415,52.65390804,123.8167193
Anderson,Fall 2022,Forage,205,Grazed,5,17,0.293103448,0.130724138,NA,NA,NA,NA,NA,17.04468432,19.699499,38.32229126,178.5446729
Anderson,Fall 2022,Forage,206,Grazed,6,7.7,0.132758621,0.059210345,NA,NA,NA,NA,NA,18.03375594,17.4033,40.90605723,171.3349014
Anderson,Fall 2022,Forage,301,Enclosed,1,111.4,1.920689655,0.856627586,NA,NA,NA,NA,NA,7.902658373,43.936284,76.60302987,66.39255738
Anderson,Fall 2022,Forage,302,Enclosed,2,38,0.655172414,0.292206897,NA,NA,NA,NA,NA,9.741844585,45.249386,75.48766487,66.11365489
Anderson,Fall 2022,Forage,303,Enclosed,3,43.6,0.751724138,0.335268966,NA,NA,NA,NA,NA,10.29665123,39.297414,68.35085764,79.32710655
Anderson,Fall 2022,Forage,304,Grazed,4,23.6,0.406896552,0.181475862,NA,NA,NA,NA,NA,14.38534974,16.445847,39.12426098,180.9112057
Anderson,Fall 2022,Forage,305,Grazed,5,22.4,0.386206897,0.172248276,NA,NA,NA,NA,NA,23.03251875,15.125466,32.90102561,218.0387588
Anderson,Fall 2022,Forage,306,Grazed,6,25.5,0.439655172,0.196086207,NA,NA,NA,NA,NA,16.08504062,17.635304,40.43190234,172.928373
Anderson,Fall 2021,Forage,101,Enclosed,1,110.2,1.9,0.8474,133.6,2.303448276,1.027337931,-0.403448276,-0.212341198,14.23,30.92,65.87,91.53098598
Anderson,Fall 2021,Forage,102,Enclosed,2,95.9,1.653448276,0.737437931,132.9,2.29137931,1.021955172,-0.637931034,-0.385818561,15.55,29.95,61.54,99.11337682
Anderson,Fall 2021,Forage,103,Enclosed,3,99,1.706896552,0.761275862,,0,0,1.706896552,1,15.06,29.29,58.3,105.4419243
Anderson,Fall 2021,Forage,104,Grazed,4,109.9,1.894827586,0.845093103,,0,0,1.894827586,1,12.7,28.05,61.62,101.2190998
Anderson,Fall 2021,Forage,105,Grazed,5,132.9,2.29137931,1.021955172,65.3,1.125862069,0.502134483,1.165517241,0.508653123,13.11,28.86,60.43,102.2410092
Anderson,Fall 2021,Forage,106,Grazed,6,91.6,1.579310345,0.704372414,,0,0,1.579310345,1,12.73,30.37,60.2,100.8139844
Anderson,Fall 2021,Forage,201,Enclosed,1,72.3,1.246551724,0.555962069,,0,0,1.246551724,1,18.65,28.68,57.05,108.5270448
Anderson,Fall 2021,Forage,202,Enclosed,2,54.7,0.943103448,0.420624138,,0,0,0.943103448,1,16.25,29.11,58.35,105.5751141
Anderson,Fall 2021,Forage,203,Enclosed,3,73.3,1.263793103,0.563651724,102.1,1.760344828,0.785113793,-0.496551725,-0.392905867,18.19,26.58,54.65,116.0776697
Anderson,Fall 2021,Forage,204,Grazed,4,50.8,0.875862069,0.390634483,19.5,0.336206897,0.149948276,0.539655172,0.616141732,16.98,29.3,57.42,107.0452723
Anderson,Fall 2021,Forage,205,Grazed,5,90.5,1.560344828,0.695913793,36,0.620689655,0.276827586,0.939655173,0.602209945,13.91,32.66,63.93,92.33625441
Anderson,Fall 2021,Forage,206,Grazed,6,87.6,1.510344828,0.673613793,,0,0,1.510344828,1,14.71,27.3,55.81,112.7301517
Anderson,Fall 2021,Forage,301,Enclosed,1,34.8,0.6,0.2676,45.3,0.781034483,0.348341379,-0.181034483,-0.301724138,16.78,32.85,61.93,95.09588846
Anderson,Fall 2021,Forage,302,Enclosed,2,24,0.413793103,0.184551724,,0,0,0.413793103,1,15.64,27.25,58.36,107.86657
Anderson,Fall 2021,Forage,303,Enclosed,3,51.9,0.894827586,0.399093103,,0,0,0.894827586,1,15.9,31.23,59.92,100.2450244
Anderson,Fall 2021,Forage,304,Grazed,4,88.6,1.527586207,0.681303448,26,0.448275862,0.199931035,1.079310345,0.706546275,19.4,24.07,49.05,133.0383709
Anderson,Fall 2021,Forage,305,Grazed,5,22.8,0.393103448,0.175324138,41.1,0.70862069,0.316044828,-0.315517241,-0.802631579,12.44,26.47,56.51,112.3980855
Anderson,Fall 2021,Forage,306,Grazed,6,64.8,1.117241379,0.498289655,4,0.068965517,0.030758621,1.048275862,0.938271605,15.59,28.14,60.78,102.510679